{
  "traitToStatDefinitions":[
	{
        "trait":"color",
        "traitValue": "tan",
        "stats": [
          {
            "statName":"color",
            "statModifier":"#A2944C"
          }
        ]
	},
    {
      "trait":"color",
      "traitValue": "brown",
      "stats": [
        {
          "statName":"color",
          "statModifier":"#A52A2A"
        }
      ]
    },
    {
      "trait":"color",
      "traitValue": "black",
      "stats": [
        {
          "statName":"color",
          "statModifier":"#000000"
        }
      ]
    },
    {
      "trait":"color",
      "traitValue": "green",
      "stats": [
        {
          "statName":"color",
          "statModifier":"#3BBB00"
        }
      ]
    },
    {
      "trait":"color",
      "traitValue": "blue",
      "stats": [
        {
          "statName":"color",
          "statModifier":"#008888"
        }
      ]
    },

    {
      "trait":"speed",
      "traitValue": "slow",
      "stats": [
        {
          "statName":"speed",
          "statModifier":".01"
        }
      ]
    },
    {
      "trait":"speed",
      "traitValue": "medium",
      "stats": [
        {
          "statName":"speed",
          "statModifier":".02"
        }
      ]
    },
    {
      "trait":"speed",
      "traitValue": "fast",
      "stats": [
        {
          "statName":"speed",
          "statModifier":".04"
        }
      ]
    },

    {
      "trait":"size",
      "traitValue": "small",
      "stats": [
        {
          "statName":"size",
          "statModifier":".4"
        },
        {
          "statName":"mating_energy_requirement",
          "statModifier":"20"
        }
      ]
    },
    {
      "trait":"size",
      "traitValue": "medium",
      "stats": [
        {
          "statName":"size",
          "statModifier":".5"
        },
        {
          "statName":"mating_energy_requirement",
          "statModifier":"30"
        }
      ]
    },
    {
      "trait":"size",
      "traitValue": "large",
      "stats": [
        {
          "statName":"size",
          "statModifier":".6"
        },
        {
          "statName":"mating_energy_requirement",
          "statModifier":"40"
        }
      ]
    },
    {
      "trait":"size",
      "traitValue": "huge",
      "stats": [
        {
          "statName":"size",
          "statModifier":".7"
        },
        {
          "statName":"mating_energy_requirement",
          "statModifier":"50"
        }
      ]
    },

    {
      "trait":"lifespan",
      "traitValue": "short",
      "stats": [
        {
          "statName":"life_span",
          "statModifier":"25"
        }
      ]
    },
    {
      "trait":"lifespan",
      "traitValue": "medium",
      "stats": [
        {
          "statName":"life_span",
          "statModifier":"50"
        }
      ]
    },
    {
      "trait":"lifespan",
      "traitValue": "long",
      "stats": [
        {
          "statName":"life_span",
          "statModifier":"100"
        }
      ]
    },

    {
      "trait":"mating_frequency",
      "traitValue": "low",
      "stats": [
        {
          "statName":"mating_frequency",
          "statModifier":"1"
        }
      ]
    },
    {
      "trait":"mating_frequency",
      "traitValue": "medium",
      "stats": [
        {
          "statName":"mating_frequency",
          "statModifier":".75"
        }
      ]
    },
    {
      "trait":"mating_frequency",
      "traitValue": "high",
      "stats": [
        {
          "statName":"mating_frequency",
          "statModifier":".5"
        }
      ]
    },

    {
      "trait":"diet",
      "traitValue": "CARNIVORE",
      "stats": [
        {
          "statName":"diet",
          "statModifier":"CARNIVORE"
        }
      ]
    },
    {
      "trait":"diet",
      "traitValue": "HERBIVORE",
      "stats": [
        {
          "statName":"diet",
          "statModifier":"HERBIVORE"
        }
      ]
    },

    {
      "trait":"energy",
      "traitValue": "low",
      "stats": [
        {
          "statName":"energy",
          "statModifier":"80"
        }
      ]
    },
    {
      "trait":"energy",
      "traitValue": "medium",
      "stats": [
        {
          "statName":"energy",
          "statModifier":"90"
        }
      ]
    },
    {
      "trait":"energy",
      "traitValue": "high",
      "stats": [
        {
          "statName":"energy",
          "statModifier":"100"
        }
      ]
    },

    {
      "trait":"hunger_threshold",
      "traitValue": "low",
      "stats": [
        {
          "statName":"hunger_threshold",
          "statModifier":"70"
        }
      ]
    },
    {
      "trait":"hunger_threshold",
      "traitValue": "medium",
      "stats": [
        {
          "statName":"hunger_threshold",
          "statModifier":"80"
        }
      ]
    },
    {
      "trait":"hunger_threshold",
      "traitValue": "high",
      "stats": [
        {
          "statName":"hunger_threshold",
          "statModifier":"90"
        }
      ]
    }
  ]
}